[{"fname":"John","lname":"Smith","gender":"Male","email":"jsmith11@gmail.com","date":"Mon Aug 23 2021","time":"8/23/2021"},{"fname":"Daniel","lname":"Nunez","gender":"Male","email":"dnunez4@uci.edu","date":"Mon Aug 23 2021","time":"8/23/2021"},{"fname":"Albert","lname":"Kei","gender":"Male","email":"aKei@yahoo.com","date":"Mon Aug 23 2021","time":"8/23/2021"},{"fname":"Daniel","lname":"[A","gender":"Male","email":"email@email.com","date":"Mon Aug 23 2021","time":"8/23/2021"},{"fname":"Dan","lname":"Iniguez","gender":"Male","email":"dIniguez1@gmail.com","date":"Mon Aug 23 2021","time":"8/23/2021"},{"fname":"Richard","lname":"Jackson","gender":"Male","email":"rj@email.com","date":"Mon Aug 23 2021","time":"8/23/2021"},{"fname":"Jenny","lname":"Li","gender":"Female","email":"jLi@email.com","date":"Mon Aug 23 2021","time":"8/23/2021"},{"fname":"Alexandra","lname":"Sanchez","gender":"Female","email":"aSan@email.com","date":"Mon Aug 23 2021","time":"8/23/2021"},{"fname":"Daniel","lname":"Nunez","gender":"Male","email":"dnunez4@uci.edu","date":"Mon Aug 23 2021","time":"8/23/2021"},{"fname":"James","lname":"Franklin","gender":"Male","email":"jfrank3@email.com","date":"Mon Aug 23 2021","time":"8/23/2021"}]